東西線 土曜・休日 下り（太秦天神川方面） 列車時刻表,,,,,,,,,,,,,,,,,,,,
"※終着駅は着時刻 , その他は発時刻を表示しています｡",,,,,,,,,,,,,,,,,,,,
※京津線区間は一部の駅のみ表示しています｡,,,,,,,,,,,,,,,,,,,,
行先（終着）,始発,六地蔵,石田,醍醐,小野,椥辻,東野,山科,御陵,蹴上,東山,三条京阪,京都市役所前,烏丸御池,二条城前,二条,西大路御池,太秦天神川,びわ湖浜大津,四宮
京都市役所前,びわ湖浜大津,,,,,,,,5:28,5:30,5:32,5:34,5:35,,,,,,5:10,5:23
太秦天神川,六地蔵,5:15,5:17,5:19,5:21,5:23,5:25,5:27,5:30,5:32,5:34,5:36,5:37,5:39,5:41,5:43,5:45,5:48,,
京都市役所前,びわ湖浜大津,,,,,,,,5:45,5:48,5:49,5:51,5:52,,,,,,5:28,5:40
太秦天神川,六地蔵,5:35,5:37,5:39,5:41,5:43,5:45,5:47,5:50,5:52,5:54,5:56,5:57,5:59,6:01,6:03,6:05,6:08,,
太秦天神川,六地蔵,5:47,5:49,5:51,5:53,5:55,5:57,5:59,6:02,6:04,6:06,6:08,6:09,6:11,6:13,6:15,6:17,6:20,,
京都市役所前,びわ湖浜大津,,,,,,,,6:06,6:09,6:10,6:12,6:13,,,,,,5:49,6:01
太秦天神川,六地蔵,5:57,5:59,6:01,6:03,6:06,6:08,6:10,6:12,6:15,6:17,6:18,6:20,6:22,6:24,6:26,6:28,6:30,,
太秦天神川,六地蔵,6:08,6:10,6:12,6:14,6:16,6:18,6:20,6:23,6:25,6:27,6:29,6:30,6:32,6:34,6:36,6:38,6:41,,
京都市役所前,びわ湖浜大津,,,,,,,,6:26,6:29,6:30,6:32,6:33,,,,,,6:09,6:21
太秦天神川,六地蔵,6:21,6:23,6:25,6:27,6:29,6:31,6:33,6:36,6:38,6:40,6:42,6:43,6:45,6:47,6:49,6:51,6:54,,
京都市役所前,四宮,,,,,,,,6:40,6:42,6:44,6:46,6:47,,,,,,,6:35
太秦天神川,びわ湖浜大津,,,,,,,,6:46,6:49,6:50,6:52,6:54,6:55,6:57,6:59,7:01,7:04,6:29,6:41
太秦天神川,六地蔵,6:34,6:36,6:38,6:40,6:42,6:44,6:46,6:49,6:51,6:53,6:55,6:56,6:58,7:00,7:02,7:04,7:07,,
太秦天神川,四宮,,,,,,,,6:56,6:58,7:00,7:02,7:03,7:05,7:07,7:09,7:11,7:13,,6:51
太秦天神川,六地蔵,6:48,6:50,6:52,6:54,6:56,6:58,7:00,7:03,7:05,7:07,7:09,7:10,7:12,7:14,7:16,7:18,7:21,,
太秦天神川,びわ湖浜大津,,,,,,,,7:06,7:09,7:11,7:12,7:14,7:16,7:18,7:20,7:22,7:24,6:49,7:01
太秦天神川,六地蔵,6:58,7:00,7:02,7:04,7:07,7:09,7:11,7:13,7:16,7:18,7:19,7:21,7:23,7:25,7:27,7:29,7:31,,
太秦天神川,六地蔵,7:08,7:10,7:12,7:14,7:17,7:19,7:21,7:24,7:27,7:29,7:30,7:32,7:34,7:36,7:38,7:40,7:43,,
太秦天神川,びわ湖浜大津,,,,,,,,7:27,7:29,7:31,7:33,7:35,7:37,7:38,7:41,7:43,7:45,7:10,7:22
太秦天神川,六地蔵,7:18,7:20,7:22,7:24,7:27,7:29,7:31,7:34,7:37,7:39,7:40,7:42,7:44,7:46,7:48,7:50,7:53,,
太秦天神川,六地蔵,7:28,7:30,7:32,7:34,7:37,7:39,7:41,7:44,7:47,7:49,7:50,7:52,7:54,7:56,7:58,8:00,8:03,,
太秦天神川,びわ湖浜大津,,,,,,,,7:47,7:49,7:51,7:53,7:55,7:57,7:58,8:01,8:03,8:05,7:30,7:42
太秦天神川,六地蔵,7:37,7:39,7:41,7:43,7:45,7:47,7:50,7:53,7:55,7:57,7:59,8:01,8:03,8:05,8:07,8:09,8:11,,
太秦天神川,六地蔵,7:45,7:47,7:49,7:51,7:53,7:55,7:58,8:01,8:03,8:05,8:07,8:09,8:11,8:13,8:15,8:17,8:19,,
太秦天神川,びわ湖浜大津,,,,,,,,8:06,8:09,8:11,8:12,8:14,8:16,8:18,8:20,8:22,8:24,7:49,8:01
太秦天神川,六地蔵,7:53,7:55,7:57,7:59,8:01,8:03,8:06,8:09,8:11,8:13,8:15,8:17,8:19,8:21,8:23,8:25,8:27,,
太秦天神川,六地蔵,8:00,8:02,8:04,8:06,8:08,8:10,8:13,8:16,8:18,8:20,8:22,8:24,8:26,8:28,8:30,8:32,8:34,,
太秦天神川,びわ湖浜大津,,,,,,,,8:20,8:23,8:25,8:26,8:28,8:30,8:32,8:34,8:36,8:38,8:03,8:15
太秦天神川,六地蔵,8:07,8:09,8:11,8:13,8:16,8:18,8:20,8:23,8:26,8:28,8:29,8:31,8:33,8:35,8:37,8:39,8:42,,
太秦天神川,六地蔵,8:15,8:17,8:19,8:21,8:23,8:25,8:28,8:31,8:33,8:35,8:37,8:39,8:41,8:43,8:45,8:47,8:49,,
太秦天神川,びわ湖浜大津,,,,,,,,8:36,8:38,8:40,8:42,8:44,8:46,8:47,8:50,8:52,8:54,8:19,8:31
太秦天神川,六地蔵,8:22,8:24,8:26,8:28,8:31,8:33,8:35,8:38,8:41,8:43,8:44,8:46,8:48,8:50,8:52,8:54,8:57,,
太秦天神川,六地蔵,8:30,8:32,8:34,8:36,8:38,8:40,8:43,8:46,8:48,8:50,8:52,8:54,8:56,8:58,9:00,9:02,9:04,,
太秦天神川,びわ湖浜大津,,,,,,,,8:50,8:53,8:55,8:56,8:58,9:00,9:02,9:04,9:06,9:08,8:33,8:45
太秦天神川,六地蔵,8:37,8:39,8:41,8:43,8:46,8:48,8:50,8:53,8:56,8:58,8:59,9:01,9:03,9:05,9:07,9:09,9:12,,
太秦天神川,六地蔵,8:45,8:47,8:49,8:51,8:53,8:55,8:58,9:01,9:03,9:05,9:07,9:09,9:11,9:13,9:15,9:17,9:19,,
太秦天神川,びわ湖浜大津,,,,,,,,9:06,9:09,9:11,9:12,9:14,9:16,9:18,9:20,9:22,9:24,8:49,9:01
太秦天神川,六地蔵,8:53,8:55,8:57,8:59,9:01,9:03,9:06,9:09,9:11,9:13,9:15,9:17,9:19,9:21,9:23,9:25,9:27,,
太秦天神川,六地蔵,9:00,9:02,9:04,9:06,9:08,9:10,9:13,9:16,9:18,9:20,9:22,9:24,9:26,9:28,9:30,9:32,9:34,,
太秦天神川,六地蔵,9:07,9:09,9:11,9:13,9:16,9:18,9:20,9:23,9:26,9:28,9:29,9:31,9:33,9:35,9:37,9:39,9:42,,
太秦天神川,びわ湖浜大津,,,,,,,,9:26,9:28,9:30,9:32,9:34,9:36,9:37,9:40,9:42,9:44,9:09,9:21
太秦天神川,六地蔵,9:14,9:16,9:18,9:20,9:23,9:25,9:27,9:30,9:33,9:35,9:36,9:38,9:40,9:42,9:44,9:46,9:49,,
太秦天神川,六地蔵,9:21,9:23,9:25,9:27,9:30,9:32,9:34,9:37,9:40,9:42,9:43,9:45,9:47,9:49,9:51,9:53,9:56,,
太秦天神川,六地蔵,9:29,9:31,9:33,9:35,9:37,9:39,9:42,9:45,9:47,9:49,9:51,9:53,9:55,9:57,9:59,10:01,10:03,,
太秦天神川,びわ湖浜大津,,,,,,,,9:48,9:50,9:52,9:54,9:55,9:57,9:59,10:01,10:03,10:06,9:30,9:42
太秦天神川,六地蔵,9:37,9:39,9:41,9:43,9:45,9:47,9:49,9:52,9:55,9:57,9:58,10:00,10:02,10:04,10:06,10:08,10:10,,
太秦天神川,六地蔵,9:45,9:47,9:49,9:51,9:53,9:55,9:57,10:00,10:03,10:05,10:06,10:08,10:10,10:12,10:14,10:16,10:18,,
太秦天神川,びわ湖浜大津,,,,,,,,10:05,10:07,10:09,10:11,10:12,10:14,10:16,10:18,10:20,10:23,9:48,10:00
太秦天神川,六地蔵,9:52,9:54,9:56,9:58,10:01,10:03,10:05,10:08,10:10,10:12,10:14,10:15,10:17,10:19,10:21,10:23,10:26,,
太秦天神川,六地蔵,10:00,10:02,10:04,10:06,10:08,10:10,10:12,10:15,10:18,10:20,10:21,10:23,10:25,10:27,10:29,10:31,10:33,,
太秦天神川,六地蔵,10:07,10:09,10:11,10:13,10:16,10:18,10:20,10:23,10:25,10:27,10:29,10:30,10:32,10:34,10:36,10:38,10:41,,
太秦天神川,びわ湖浜大津,,,,,,,,10:26,10:29,10:31,10:32,10:34,10:36,10:38,10:40,10:42,10:44,10:09,10:21
太秦天神川,六地蔵,10:15,10:17,10:19,10:21,10:23,10:25,10:27,10:30,10:33,10:35,10:36,10:38,10:40,10:42,10:44,10:46,10:48,,
太秦天神川,六地蔵,10:22,10:24,10:26,10:28,10:31,10:33,10:35,10:38,10:40,10:42,10:44,10:45,10:47,10:49,10:51,10:53,10:56,,
太秦天神川,六地蔵,10:30,10:32,10:34,10:36,10:38,10:40,10:42,10:45,10:48,10:50,10:51,10:53,10:55,10:57,10:59,11:01,11:03,,
太秦天神川,びわ湖浜大津,,,,,,,,10:48,10:50,10:52,10:54,10:55,10:57,10:59,11:01,11:03,11:06,10:31,10:43
太秦天神川,六地蔵,10:37,10:39,10:41,10:43,10:46,10:48,10:50,10:53,10:55,10:57,10:59,11:00,11:02,11:04,11:06,11:08,11:11,,
太秦天神川,六地蔵,10:45,10:47,10:49,10:51,10:53,10:55,10:57,11:00,11:03,11:05,11:06,11:08,11:10,11:12,11:14,11:16,11:18,,
太秦天神川,びわ湖浜大津,,,,,,,,11:05,11:08,11:10,11:11,11:13,11:15,11:17,11:19,11:21,11:23,10:48,11:00
太秦天神川,六地蔵,10:52,10:54,10:56,10:58,11:01,11:03,11:05,11:08,11:10,11:12,11:14,11:15,11:17,11:19,11:21,11:23,11:26,,
太秦天神川,六地蔵,11:00,11:02,11:04,11:06,11:08,11:10,11:12,11:15,11:18,11:20,11:21,11:23,11:25,11:27,11:29,11:31,11:33,,
太秦天神川,六地蔵,11:07,11:09,11:11,11:13,11:16,11:18,11:20,11:23,11:25,11:27,11:29,11:30,11:32,11:34,11:36,11:38,11:41,,
太秦天神川,びわ湖浜大津,,,,,,,,11:26,11:29,11:31,11:32,11:34,11:36,11:38,11:40,11:42,11:44,11:09,11:21
太秦天神川,六地蔵,11:15,11:17,11:19,11:21,11:23,11:25,11:27,11:30,11:33,11:35,11:36,11:38,11:40,11:42,11:44,11:46,11:48,,
太秦天神川,六地蔵,11:22,11:24,11:26,11:28,11:31,11:33,11:35,11:38,11:40,11:42,11:44,11:45,11:47,11:49,11:51,11:53,11:56,,
太秦天神川,六地蔵,11:30,11:32,11:34,11:36,11:38,11:40,11:42,11:45,11:48,11:50,11:51,11:53,11:55,11:57,11:59,12:01,12:03,,
太秦天神川,びわ湖浜大津,,,,,,,,11:48,11:50,11:52,11:54,11:55,11:57,11:59,12:01,12:03,12:06,11:31,11:43
太秦天神川,六地蔵,11:37,11:39,11:41,11:43,11:46,11:48,11:50,11:53,11:55,11:57,11:59,12:00,12:02,12:04,12:06,12:08,12:11,,
太秦天神川,六地蔵,11:45,11:47,11:49,11:51,11:53,11:55,11:57,12:00,12:03,12:05,12:06,12:08,12:10,12:12,12:14,12:16,12:18,,
太秦天神川,びわ湖浜大津,,,,,,,,12:05,12:08,12:10,12:11,12:13,12:15,12:17,12:19,12:21,12:23,11:48,12:00
太秦天神川,六地蔵,11:52,11:54,11:56,11:58,12:01,12:03,12:05,12:08,12:10,12:12,12:14,12:15,12:17,12:19,12:21,12:23,12:26,,
太秦天神川,六地蔵,12:00,12:02,12:04,12:06,12:08,12:10,12:12,12:15,12:18,12:20,12:21,12:23,12:25,12:27,12:29,12:31,12:33,,
太秦天神川,六地蔵,12:07,12:09,12:11,12:13,12:16,12:18,12:20,12:23,12:25,12:27,12:29,12:30,12:32,12:34,12:36,12:38,12:41,,
太秦天神川,びわ湖浜大津,,,,,,,,12:26,12:29,12:31,12:32,12:34,12:36,12:38,12:40,12:42,12:44,12:09,12:21
太秦天神川,六地蔵,12:15,12:17,12:19,12:21,12:23,12:25,12:27,12:30,12:33,12:35,12:36,12:38,12:40,12:42,12:44,12:46,12:48,,
太秦天神川,六地蔵,12:22,12:24,12:26,12:28,12:31,12:33,12:35,12:38,12:40,12:42,12:44,12:45,12:47,12:49,12:51,12:53,12:56,,
太秦天神川,六地蔵,12:30,12:32,12:34,12:36,12:38,12:40,12:42,12:45,12:48,12:50,12:51,12:53,12:55,12:57,12:59,13:01,13:03,,
太秦天神川,びわ湖浜大津,,,,,,,,12:48,12:50,12:52,12:54,12:55,12:57,12:59,13:01,13:03,13:06,12:31,12:43
太秦天神川,六地蔵,12:37,12:39,12:41,12:43,12:46,12:48,12:50,12:53,12:55,12:57,12:59,13:00,13:02,13:04,13:06,13:08,13:11,,
太秦天神川,六地蔵,12:45,12:47,12:49,12:51,12:53,12:55,12:57,13:00,13:03,13:05,13:06,13:08,13:10,13:12,13:14,13:16,13:18,,
太秦天神川,びわ湖浜大津,,,,,,,,13:05,13:08,13:10,13:11,13:13,13:15,13:17,13:19,13:21,13:23,12:48,13:00
太秦天神川,六地蔵,12:52,12:54,12:56,12:58,13:01,13:03,13:05,13:08,13:10,13:12,13:14,13:15,13:17,13:19,13:21,13:23,13:26,,
太秦天神川,六地蔵,13:00,13:02,13:04,13:06,13:08,13:10,13:12,13:15,13:18,13:20,13:21,13:23,13:25,13:27,13:29,13:31,13:33,,
太秦天神川,六地蔵,13:07,13:09,13:11,13:13,13:16,13:18,13:20,13:23,13:25,13:27,13:29,13:30,13:32,13:34,13:36,13:38,13:41,,
太秦天神川,びわ湖浜大津,,,,,,,,13:26,13:29,13:31,13:32,13:34,13:36,13:38,13:40,13:42,13:44,13:09,13:21
太秦天神川,六地蔵,13:15,13:17,13:19,13:21,13:23,13:25,13:27,13:30,13:33,13:35,13:36,13:38,13:40,13:42,13:44,13:46,13:48,,
太秦天神川,六地蔵,13:22,13:24,13:26,13:28,13:31,13:33,13:35,13:38,13:40,13:42,13:44,13:45,13:47,13:49,13:51,13:53,13:56,,
太秦天神川,六地蔵,13:30,13:32,13:34,13:36,13:38,13:40,13:42,13:45,13:48,13:50,13:51,13:53,13:55,13:57,13:59,14:01,14:03,,
太秦天神川,びわ湖浜大津,,,,,,,,13:48,13:50,13:52,13:54,13:55,13:57,13:59,14:01,14:03,14:06,13:31,13:43
太秦天神川,六地蔵,13:37,13:39,13:41,13:43,13:46,13:48,13:50,13:53,13:55,13:57,13:59,14:00,14:02,14:04,14:06,14:08,14:11,,
太秦天神川,六地蔵,13:45,13:47,13:49,13:51,13:53,13:55,13:57,14:00,14:03,14:05,14:06,14:08,14:10,14:12,14:14,14:16,14:18,,
太秦天神川,びわ湖浜大津,,,,,,,,14:05,14:08,14:10,14:11,14:13,14:15,14:17,14:19,14:21,14:23,13:48,14:00
太秦天神川,六地蔵,13:52,13:54,13:56,13:58,14:01,14:03,14:05,14:08,14:10,14:12,14:14,14:15,14:17,14:19,14:21,14:23,14:26,,
太秦天神川,六地蔵,14:00,14:02,14:04,14:06,14:08,14:10,14:12,14:15,14:18,14:20,14:21,14:23,14:25,14:27,14:29,14:31,14:33,,
太秦天神川,六地蔵,14:07,14:09,14:11,14:13,14:16,14:18,14:20,14:23,14:25,14:27,14:29,14:30,14:32,14:34,14:36,14:38,14:41,,
太秦天神川,びわ湖浜大津,,,,,,,,14:26,14:29,14:31,14:32,14:34,14:36,14:38,14:40,14:42,14:44,14:09,14:21
太秦天神川,六地蔵,14:15,14:17,14:19,14:21,14:23,14:25,14:27,14:30,14:33,14:35,14:36,14:38,14:40,14:42,14:44,14:46,14:48,,
太秦天神川,六地蔵,14:22,14:24,14:26,14:28,14:31,14:33,14:35,14:38,14:40,14:42,14:44,14:45,14:47,14:49,14:51,14:53,14:56,,
太秦天神川,六地蔵,14:30,14:32,14:34,14:36,14:38,14:40,14:42,14:45,14:48,14:50,14:51,14:53,14:55,14:57,14:59,15:01,15:03,,
太秦天神川,びわ湖浜大津,,,,,,,,14:48,14:50,14:52,14:54,14:55,14:57,14:59,15:01,15:03,15:06,14:31,14:43
太秦天神川,六地蔵,14:37,14:39,14:41,14:43,14:46,14:48,14:50,14:53,14:55,14:57,14:59,15:00,15:02,15:04,15:06,15:08,15:11,,
太秦天神川,六地蔵,14:45,14:47,14:49,14:51,14:53,14:55,14:57,15:00,15:03,15:05,15:06,15:08,15:10,15:12,15:14,15:16,15:18,,
太秦天神川,びわ湖浜大津,,,,,,,,15:05,15:07,15:09,15:11,15:13,15:15,15:16,15:19,15:21,15:23,14:48,15:00
太秦天神川,六地蔵,14:52,14:54,14:56,14:58,15:01,15:03,15:05,15:08,15:10,15:12,15:14,15:15,15:17,15:19,15:21,15:23,15:26,,
太秦天神川,六地蔵,15:00,15:02,15:04,15:06,15:08,15:10,15:13,15:16,15:18,15:20,15:22,15:24,15:26,15:28,15:30,15:32,15:34,,
太秦天神川,六地蔵,15:07,15:09,15:11,15:13,15:16,15:18,15:20,15:23,15:26,15:28,15:29,15:31,15:33,15:35,15:37,15:39,15:42,,
太秦天神川,びわ湖浜大津,,,,,,,,15:26,15:29,15:31,15:32,15:34,15:36,15:38,15:40,15:42,15:44,15:09,15:21
太秦天神川,六地蔵,15:15,15:17,15:19,15:21,15:23,15:25,15:28,15:31,15:33,15:35,15:37,15:39,15:41,15:43,15:45,15:47,15:49,,
太秦天神川,六地蔵,15:22,15:24,15:26,15:28,15:31,15:33,15:35,15:38,15:41,15:43,15:44,15:46,15:48,15:50,15:52,15:54,15:57,,
太秦天神川,六地蔵,15:30,15:32,15:34,15:36,15:39,15:41,15:43,15:46,15:49,15:51,15:52,15:54,15:56,15:58,16:00,16:02,16:05,,
太秦天神川,びわ湖浜大津,,,,,,,,15:49,15:51,15:53,15:55,15:57,15:59,16:00,16:03,16:05,16:07,15:32,15:44
太秦天神川,六地蔵,15:38,15:40,15:42,15:44,15:47,15:49,15:51,15:54,15:57,15:59,16:00,16:02,16:04,16:06,16:08,16:10,16:13,,
太秦天神川,六地蔵,15:46,15:48,15:50,15:52,15:54,15:56,15:59,16:02,16:04,16:06,16:08,16:10,16:12,16:14,16:16,16:18,16:20,,
太秦天神川,びわ湖浜大津,,,,,,,,16:06,16:09,16:11,16:12,16:14,16:16,16:18,16:20,16:22,16:24,15:49,16:01
太秦天神川,六地蔵,15:53,15:55,15:57,15:59,16:01,16:03,16:06,16:09,16:11,16:13,16:15,16:17,16:19,16:21,16:23,16:25,16:27,,
太秦天神川,六地蔵,16:00,16:02,16:04,16:06,16:08,16:10,16:13,16:16,16:18,16:20,16:22,16:24,16:26,16:28,16:30,16:32,16:34,,
太秦天神川,六地蔵,16:07,16:09,16:11,16:13,16:16,16:18,16:20,16:23,16:26,16:28,16:29,16:31,16:33,16:35,16:37,16:39,16:42,,
太秦天神川,びわ湖浜大津,,,,,,,,16:27,16:29,16:31,16:33,16:35,16:37,16:38,16:41,16:43,16:45,16:10,16:22
太秦天神川,六地蔵,16:15,16:17,16:19,16:21,16:23,16:25,16:28,16:31,16:33,16:35,16:37,16:39,16:41,16:43,16:45,16:47,16:49,,
太秦天神川,六地蔵,16:22,16:24,16:26,16:28,16:31,16:33,16:35,16:38,16:41,16:43,16:44,16:46,16:48,16:50,16:52,16:54,16:57,,
太秦天神川,びわ湖浜大津,,,,,,,,16:41,16:44,16:46,16:47,16:49,16:51,16:53,16:55,16:57,16:59,16:24,16:36
太秦天神川,六地蔵,16:30,16:32,16:34,16:36,16:38,16:40,16:43,16:46,16:48,16:50,16:52,16:54,16:56,16:58,17:00,17:02,17:04,,
太秦天神川,六地蔵,16:37,16:39,16:41,16:43,16:46,16:48,16:50,16:53,16:56,16:58,16:59,17:01,17:03,17:05,17:07,17:09,17:12,,
太秦天神川,びわ湖浜大津,,,,,,,,16:56,16:59,17:01,17:02,17:04,17:06,17:08,17:10,17:12,17:14,16:39,16:51
太秦天神川,六地蔵,16:45,16:47,16:49,16:51,16:53,16:55,16:58,17:01,17:03,17:05,17:07,17:09,17:11,17:13,17:15,17:17,17:19,,
太秦天神川,六地蔵,16:52,16:54,16:56,16:58,17:01,17:03,17:05,17:08,17:11,17:13,17:14,17:16,17:18,17:20,17:22,17:24,17:27,,
太秦天神川,びわ湖浜大津,,,,,,,,17:11,17:14,17:16,17:17,17:19,17:21,17:23,17:25,17:27,17:29,16:54,17:06
太秦天神川,六地蔵,17:00,17:02,17:04,17:06,17:08,17:10,17:13,17:16,17:18,17:20,17:22,17:24,17:26,17:28,17:30,17:32,17:34,,
太秦天神川,六地蔵,17:07,17:09,17:11,17:13,17:16,17:18,17:20,17:23,17:26,17:28,17:29,17:31,17:33,17:35,17:37,17:39,17:42,,
太秦天神川,びわ湖浜大津,,,,,,,,17:28,17:30,17:32,17:34,17:36,17:38,17:39,17:42,17:44,17:46,17:11,17:23
太秦天神川,六地蔵,17:14,17:16,17:18,17:20,17:23,17:25,17:27,17:30,17:33,17:35,17:36,17:38,17:40,17:42,17:44,17:46,17:49,,
太秦天神川,六地蔵,17:22,17:24,17:26,17:28,17:31,17:33,17:35,17:38,17:41,17:43,17:44,17:46,17:48,17:50,17:52,17:54,17:57,,
太秦天神川,六地蔵,17:31,17:33,17:35,17:37,17:39,17:41,17:44,17:47,17:49,17:51,17:53,17:55,17:57,17:59,18:01,18:03,18:05,,
太秦天神川,びわ湖浜大津,,,,,,,,17:49,17:52,17:54,17:55,17:57,17:59,18:01,18:03,18:05,18:07,17:31,17:43
太秦天神川,六地蔵,17:41,17:43,17:45,17:47,17:50,17:52,17:54,17:57,18:00,18:02,18:03,18:05,18:07,18:09,18:11,18:13,18:16,,
太秦天神川,びわ湖浜大津,,,,,,,,18:02,18:04,18:06,18:08,18:10,18:12,18:13,18:16,18:18,18:20,17:45,17:57
太秦天神川,六地蔵,17:52,17:54,17:56,17:58,18:00,18:02,18:05,18:08,18:10,18:12,18:14,18:16,18:18,18:20,18:22,18:24,18:26,,
太秦天神川,六地蔵,18:01,18:03,18:05,18:07,18:09,18:11,18:14,18:17,18:19,18:21,18:23,18:25,18:27,18:29,18:31,18:33,18:35,,
太秦天神川,びわ湖浜大津,,,,,,,,18:19,18:22,18:24,18:25,18:27,18:29,18:31,18:33,18:35,18:37,18:02,18:14
太秦天神川,六地蔵,18:11,18:13,18:15,18:17,18:20,18:22,18:24,18:27,18:30,18:32,18:33,18:35,18:37,18:39,18:41,18:43,18:46,,
太秦天神川,びわ湖浜大津,,,,,,,,18:34,18:36,18:38,18:40,18:42,18:44,18:45,18:48,18:50,18:52,18:17,18:29
太秦天神川,六地蔵,18:22,18:24,18:26,18:28,18:31,18:33,18:35,18:38,18:41,18:43,18:44,18:46,18:48,18:50,18:52,18:54,18:57,,
太秦天神川,六地蔵,18:33,18:35,18:37,18:39,18:42,18:44,18:46,18:49,18:52,18:54,18:55,18:57,18:59,19:01,19:03,19:05,19:08,,
太秦天神川,びわ湖浜大津,,,,,,,,18:54,18:56,18:58,19:00,19:02,19:04,19:05,19:08,19:10,19:12,18:37,18:49
太秦天神川,六地蔵,18:43,18:45,18:47,18:49,18:52,18:54,18:56,18:59,19:02,19:04,19:05,19:07,19:09,19:11,19:13,19:15,19:18,,
太秦天神川,六地蔵,18:53,18:55,18:57,18:59,19:02,19:04,19:06,19:09,19:12,19:14,19:15,19:17,19:19,19:21,19:23,19:25,19:28,,
太秦天神川,びわ湖浜大津,,,,,,,,19:13,19:15,19:17,19:19,19:21,19:23,19:24,19:27,19:29,19:31,18:56,19:08
太秦天神川,六地蔵,19:02,19:04,19:06,19:08,19:10,19:12,19:15,19:18,19:20,19:22,19:24,19:26,19:28,19:30,19:32,19:34,19:36,,
太秦天神川,六地蔵,19:12,19:14,19:16,19:18,19:20,19:22,19:25,19:28,19:30,19:32,19:34,19:36,19:38,19:40,19:42,19:44,19:46,,
太秦天神川,びわ湖浜大津,,,,,,,,19:31,19:33,19:35,19:37,19:38,19:40,19:42,19:44,19:46,19:49,19:13,19:25
太秦天神川,六地蔵,19:22,19:24,19:26,19:28,19:30,19:32,19:35,19:38,19:40,19:42,19:44,19:46,19:48,19:50,19:52,19:54,19:56,,
太秦天神川,びわ湖浜大津,,,,,,,,19:43,19:45,19:47,19:49,19:50,19:52,19:54,19:56,19:58,20:01,19:26,19:38
太秦天神川,六地蔵,19:32,19:34,19:36,19:38,19:41,19:43,19:45,19:48,19:50,19:52,19:54,19:55,19:57,19:59,20:01,20:03,20:06,,
太秦天神川,六地蔵,19:42,19:44,19:46,19:48,19:50,19:52,19:54,19:57,20:00,20:02,20:03,20:05,20:07,20:09,20:11,20:13,20:15,,
太秦天神川,びわ湖浜大津,,,,,,,,20:02,20:04,20:06,20:08,20:09,20:11,20:13,20:15,20:17,20:20,19:45,19:57
太秦天神川,六地蔵,19:51,19:53,19:55,19:57,19:59,20:01,20:03,20:06,20:09,20:11,20:12,20:14,20:16,20:18,20:20,20:22,20:24,,
太秦天神川,六地蔵,20:00,20:02,20:04,20:06,20:08,20:10,20:12,20:15,20:18,20:20,20:21,20:23,20:25,20:27,20:29,20:31,20:33,,
太秦天神川,びわ湖浜大津,,,,,,,,20:21,20:23,20:25,20:27,20:28,20:30,20:32,20:34,20:36,20:39,20:04,20:16
太秦天神川,六地蔵,20:09,20:11,20:13,20:15,20:17,20:19,20:21,20:24,20:27,20:29,20:30,20:32,20:34,20:36,20:38,20:40,20:42,,
太秦天神川,六地蔵,20:21,20:23,20:25,20:27,20:29,20:31,20:33,20:36,20:39,20:41,20:42,20:44,20:46,20:48,20:50,20:52,20:54,,
太秦天神川,びわ湖浜大津,,,,,,,,20:41,20:44,20:46,20:47,20:49,20:51,20:53,20:55,20:57,20:59,20:24,20:36
太秦天神川,六地蔵,20:31,20:33,20:35,20:37,20:40,20:42,20:44,20:47,20:49,20:51,20:53,20:54,20:56,20:58,21:00,21:02,21:05,,
太秦天神川,六地蔵,20:41,20:43,20:45,20:47,20:50,20:52,20:54,20:57,20:59,21:01,21:03,21:04,21:06,21:08,21:10,21:12,21:15,,
太秦天神川,びわ湖浜大津,,,,,,,,21:01,21:04,21:05,21:07,21:09,21:10,21:12,21:14,21:16,21:19,20:44,20:56
太秦天神川,六地蔵,20:54,20:56,20:58,21:00,21:02,21:04,21:06,21:09,21:12,21:14,21:15,21:17,21:19,21:21,21:23,21:25,21:27,,
太秦天神川,六地蔵,21:04,21:06,21:08,21:10,21:12,21:14,21:16,21:19,21:21,21:23,21:25,21:26,21:28,21:30,21:32,21:34,21:37,,
太秦天神川,びわ湖浜大津,,,,,,,,21:23,21:26,21:27,21:29,21:31,21:32,21:34,21:36,21:38,21:41,21:04,21:16
太秦天神川,六地蔵,21:15,21:17,21:19,21:21,21:23,21:25,21:27,21:30,21:32,21:34,21:36,21:37,21:39,21:41,21:43,21:45,21:48,,
太秦天神川,六地蔵,21:24,21:26,21:28,21:30,21:32,21:34,21:36,21:39,21:41,21:43,21:45,21:46,21:48,21:50,21:52,21:54,21:57,,
太秦天神川,びわ湖浜大津,,,,,,,,21:43,21:46,21:47,21:49,21:51,21:52,21:54,21:56,21:58,22:01,21:24,21:36
太秦天神川,六地蔵,21:37,21:39,21:41,21:43,21:46,21:48,21:50,21:52,21:55,21:57,21:58,22:00,22:02,22:04,22:06,22:08,22:10,,
太秦天神川,びわ湖浜大津,,,,,,,,22:02,22:04,22:06,22:08,22:09,22:11,22:13,22:15,22:17,22:19,21:44,21:56
太秦天神川,六地蔵,21:51,21:53,21:55,21:57,21:59,22:01,22:03,22:06,22:08,22:10,22:12,22:13,22:15,22:17,22:19,22:21,22:24,,
太秦天神川,六地蔵,22:02,22:04,22:06,22:08,22:10,22:12,22:14,22:17,22:19,22:21,22:23,22:24,22:26,22:28,22:30,22:32,22:35,,
太秦天神川,びわ湖浜大津,,,,,,,,22:22,22:24,22:26,22:28,22:29,22:31,22:33,22:35,22:37,22:39,22:04,22:16
太秦天神川,六地蔵,22:15,22:17,22:19,22:21,22:23,22:25,22:27,22:30,22:32,22:34,22:36,22:37,22:39,22:41,22:43,22:45,22:48,,
太秦天神川,びわ湖浜大津,,,,,,,,22:41,22:44,22:45,22:47,22:49,22:50,22:52,22:54,22:56,22:59,22:24,22:36
太秦天神川,六地蔵,22:29,22:31,22:33,22:35,22:37,22:39,22:41,22:44,22:46,22:48,22:50,22:51,22:53,22:55,22:57,22:59,23:02,,
太秦天神川,六地蔵,22:42,22:44,22:46,22:48,22:50,22:52,22:54,22:57,22:59,23:01,23:03,23:04,23:06,23:08,23:10,23:12,23:15,,
太秦天神川,六地蔵,22:54,22:56,22:58,23:00,23:02,23:04,23:06,23:09,23:11,23:13,23:15,23:16,23:18,23:20,23:22,23:24,23:27,,
太秦天神川,六地蔵,23:06,23:08,23:10,23:12,23:15,23:17,23:19,23:21,23:24,23:26,23:27,23:29,23:33,23:35,23:37,23:39,23:42,,
太秦天神川,六地蔵,23:28,23:30,23:32,23:34,23:37,23:39,23:41,23:43,23:46,23:48,23:49,23:51,23:55,23:57,23:59,0:01,0:04,,
